<?xml version="1.0" encoding="windows-1252"?>
<Collection name="News Stories" guid="{D3AAE9C9-CFBB-493D-8AB9-75C07AB306C2}" system="No" updatable="Yes" blockNavigatorNode="No">
	<HelpLink>http://wiki.kmacloud.net/index.php?title=News_Stories</HelpLink>
	<Help></Help>
	<Addon name="News Stories Page" guid="{51A13278-C95B-41B7-A2FC-0384B8A712D1}" type="Add-on">
		<Copy></Copy>
		<CopyText></CopyText>
		<ActiveXProgramID></ActiveXProgramID>
		<DotNetClass><![CDATA[Contensive.Addons.aoNewsStorys.aoNewsStoryClass]]></DotNetClass>
		<ArgumentList></ArgumentList>
		<AsAjax>No</AsAjax>
		<Filter>No</Filter>
		<Help></Help>
		<HelpLink></HelpLink>
		<Icon Link="" width="0" height="0" sprites="0" />
		<InIframe>No</InIframe>
		<BlockEditTools>No</BlockEditTools>
		<FormXML></FormXML>
		<IsInline>No</IsInline>
		<JavascriptOnLoad></JavascriptOnLoad>
		<JavascriptInHead></JavascriptInHead>
		<JavascriptBodyEnd></JavascriptBodyEnd>
		<MetaDescription></MetaDescription>
		<OtherHeadTags></OtherHeadTags>
		<Content>No</Content>
		<Template>No</Template>
		<Email>No</Email>
		<Admin>No</Admin>
		<OnPageEndEvent>No</OnPageEndEvent>
		<OnPageStartEvent>No</OnPageStartEvent>
		<OnBodyStart>No</OnBodyStart>
		<OnBodyEnd>No</OnBodyEnd>
		<RemoteMethod>No</RemoteMethod>
		<ProcessRunOnce>No</ProcessRunOnce>
		<ProcessInterval>0</ProcessInterval>
		<PageTitle></PageTitle>
		<RemoteAssetLink></RemoteAssetLink>
		<Styles><![CDATA[
.oneArticle a {
    color: #00a0d2;
}]]></Styles>
		<Scripting Language="" EntryPoint="" Timeout="5000"/>
	</Addon>
	<Addon name="News Stories Quick List" guid="{CB2894C4-E810-4F74-922C-CD74DBBCD7CB}" type="Add-on">
		<Copy></Copy>
		<CopyText></CopyText>
		<ActiveXProgramID></ActiveXProgramID>
		<DotNetClass><![CDATA[Contensive.Addons.aoNewsStorys.aoNewsListClass]]></DotNetClass>
		<ArgumentList><![CDATA[numberOfStories= 3]]></ArgumentList>
		<AsAjax>No</AsAjax>
		<Filter>No</Filter>
		<Help></Help>
		<HelpLink></HelpLink>
		<Icon Link="" width="0" height="0" sprites="0" />
		<InIframe>No</InIframe>
		<BlockEditTools>No</BlockEditTools>
		<FormXML></FormXML>
		<IncludeAddon name="jQuery Corners" guid="{7EBCAE49-027E-4D7D-A3CA-300D6630012C}"/>
		<IncludeAddon name="JQuery" guid="{9C882078-0DAC-48E3-AD4B-CF2AA230DF80}"/>
		<IncludeAddon name="JQuery UI" guid="{840B9AEF-9470-4599-BD47-7EC0C9298614}"/>
		<IsInline>No</IsInline>
		<JavascriptOnLoad></JavascriptOnLoad>
		<JavascriptInHead><![CDATA[$(document).ready(function(){
    $('.boxTitle').corner('Top','5px');
    $('.boxFooter').corner('bottom','5px');
});]]></JavascriptInHead>
		<JavascriptBodyEnd></JavascriptBodyEnd>
		<MetaDescription></MetaDescription>
		<OtherHeadTags></OtherHeadTags>
		<Content>Yes</Content>
		<Template>Yes</Template>
		<Email>No</Email>
		<Admin>No</Admin>
		<OnPageEndEvent>No</OnPageEndEvent>
		<OnPageStartEvent>No</OnPageStartEvent>
		<OnBodyStart>No</OnBodyStart>
		<OnBodyEnd>No</OnBodyEnd>
		<RemoteMethod>No</RemoteMethod>
		<ProcessRunOnce>No</ProcessRunOnce>
		<ProcessInterval>0</ProcessInterval>
		<PageTitle></PageTitle>
		<RemoteAssetLink></RemoteAssetLink>
		<Styles></Styles>
		<Scripting Language="" EntryPoint="" Timeout="5000"/>
	</Addon>
	<data>
		<record content="layouts" guid="{7BA7A2EF-8BB6-413E-A283-50CB01DE708C}" name="aoNews Story Home Page News List">
			<field name="ACTIVE">True</field>
			<field name="SORTORDER"></field>
			<field name="Layout"><![CDATA[<div>
 <ul class="latestNewsUL">
                    <li>
                        <div class="oneArticle">
                            <div class="art-date">
                                <div class="art-cal">
                                    <div class="art-mo">Oct</div>
                                    <div class="art-da">18</div>
                                </div>
                            </div>
                            <div class="art-title"><a href="#">Safety Issues Plague Uber, Lyft, and Other Ride-Sharing Services Affordable Care Act Compliance: Employers and Independent Contractors</a></div>
                        </div>
                    </li>
                </ul>
        
        </div>
]]></field>
			<field name="StylesFilename"></field>
		</record>
		<record content="layouts" guid="{E6892DC8-4218-467E-BBA9-F0329FE41748}" name="aoNewsStory news story Page News Story List">
			<field name="ACTIVE">True</field>
			<field name="SORTORDER"></field>
			<field name="Layout"><![CDATA[<div class="oneArticle">         
	<ul  class="latestNewsUL1" >
		<li Id="newsArticle" class="latestNewsUL" >
			<div class="news-date" id="ndate">May 29, 2015</div>
<div id="cssThumImg"><img src="img/a21.png" alt="" /></div>
			<a href="#" id="ltag">AAU/APLU/COGR Joint Letter to APHIS</a>
			<div class="newsCoverListOverview">
				<p>This is where the article body goes Fusce dignissim dignissim vehicula. Nam auctor diam in lorem dictum pharetra. Morbi magna augue, lobortis eu lacus ut, tristique adipiscing nisi. Phasellus ac pharetra augue. Sed fermentum vel dolor consequat faucibus. Vivamus vel convallis odio. Vivamus posuere mauris mollis nisi adipiscing semper. Aenean sagittis tempus nunc eu mollis. Curabitur gravida id est ac malesuada. Cras mollis fermentum scelerisque. Proin erat metus, commodo quis ligula auctor, posuere pellentesque nulla.</p>
			</div>
			<div id="articleURL"><a href="#"></a></div>
			<div id="articleRet" style="display:none;"><a href="#"></a></div>
			<br><br>
		</li>
	</ul>
</div>]]></field>
			<field name="StylesFilename"></field>
		</record>
	</data>
	<CDef Name="Story List" Active="1" AdminOnly="0" AllowAdd="1" AllowCalendarEvents="0" AllowContentChildTool="0" AllowContentTracking="0" AllowDelete="1" AllowMetaContent="0" AllowTopicRules="0" AllowWorkflowAuthoring="0" AuthoringDataSourceName="Default" AuthoringTableName="storylist" ContentDataSourceName="Default" ContentTableName="storylist" DefaultSortMethod="By Name" DeveloperOnly="0" DropDownFieldList="Name" EditorGroupName="" Parent="" IconLink="" IconHeight="0" IconWidth="0" IconSprites="0" isbasecontent="0" guid="{54CB4B51-D245-4679-8E62-930B037E1891}" >
		<Field Name="Name" active="True" AdminOnly="False" Authorable="True" Caption="Header" DeveloperOnly="False" EditSortPriority="110" FieldType="Text" HTMLContent="False" IndexColumn="0" IndexSortDirection="" IndexSortOrder="0" IndexWidth="0" RedirectID="0" RedirectPath="" Required="False" TextBuffered="False" UniqueName="False" DefaultValue="" RSSTitle="False" RSSDescription="False" MemberSelectGroupID="0" EditTab="" Scramble="False" LookupList="" NotEditable="False" Password="False" ReadOnly="False" ManyToManyRulePrimaryField="" ManyToManyRuleSecondaryField="" IsModified="False" IsBaseField="False" LookupContent="" RedirectContent="" ManyToManyContent="" ManyToManyRuleContent="" editorAddonId="" >
			<HelpDefault>Story Header</HelpDefault>
		</Field>
		<Field Name="Active" active="True" AdminOnly="False" Authorable="True" Caption="Active" DeveloperOnly="False" EditSortPriority="9999" FieldType="Boolean" HTMLContent="False" IndexColumn="0" IndexSortDirection="" IndexSortOrder="0" IndexWidth="0" RedirectID="0" RedirectPath="" Required="False" TextBuffered="False" UniqueName="False" DefaultValue="1" RSSTitle="False" RSSDescription="False" MemberSelectGroupID="0" EditTab="" Scramble="False" LookupList="" NotEditable="False" Password="False" ReadOnly="False" ManyToManyRulePrimaryField="" ManyToManyRuleSecondaryField="" IsModified="False" IsBaseField="False" LookupContent="" RedirectContent="" ManyToManyContent="" ManyToManyRuleContent="" editorAddonId="" ></Field>
		<Field Name="SortOrder" active="True" AdminOnly="False" Authorable="False" Caption="Alpha Sort Order" DeveloperOnly="False" EditSortPriority="2000" FieldType="Text" HTMLContent="False" IndexColumn="0" IndexSortDirection="" IndexSortOrder="0" IndexWidth="0" RedirectID="0" RedirectPath="" Required="False" TextBuffered="False" UniqueName="False" DefaultValue="" RSSTitle="False" RSSDescription="False" MemberSelectGroupID="0" EditTab="" Scramble="False" LookupList="" NotEditable="False" Password="False" ReadOnly="False" ManyToManyRulePrimaryField="" ManyToManyRuleSecondaryField="" IsModified="False" IsBaseField="False" LookupContent="" RedirectContent="" ManyToManyContent="" ManyToManyRuleContent="" editorAddonId="" ></Field>
		<Field Name="brief" active="True" AdminOnly="False" Authorable="True" Caption="Story Brief" DeveloperOnly="False" EditSortPriority="120" FieldType="LongText" HTMLContent="False" IndexColumn="0" IndexSortDirection="" IndexSortOrder="0" IndexWidth="" RedirectID="" RedirectPath="" Required="False" TextBuffered="False" UniqueName="False" DefaultValue="" RSSTitle="False" RSSDescription="False" MemberSelectGroupID="0" EditTab="" Scramble="False" LookupList="" NotEditable="False" Password="False" ReadOnly="False" ManyToManyRulePrimaryField="" ManyToManyRuleSecondaryField="" IsModified="False" IsBaseField="False" LookupContent="" RedirectContent="" ManyToManyContent="" ManyToManyRuleContent="" editorAddonId="" >
			<HelpDefault>Brief Recap Of the story</HelpDefault>
		</Field>
		<Field Name="link" active="True" AdminOnly="False" Authorable="True" Caption="Story Link" DeveloperOnly="False" EditSortPriority="130" FieldType="Link" HTMLContent="False" IndexColumn="0" IndexSortDirection="" IndexSortOrder="0" IndexWidth="" RedirectID="" RedirectPath="" Required="False" TextBuffered="False" UniqueName="False" DefaultValue="" RSSTitle="False" RSSDescription="False" MemberSelectGroupID="0" EditTab="" Scramble="False" LookupList="" NotEditable="False" Password="False" ReadOnly="False" ManyToManyRulePrimaryField="" ManyToManyRuleSecondaryField="" IsModified="False" IsBaseField="False" LookupContent="" RedirectContent="" ManyToManyContent="" ManyToManyRuleContent="" editorAddonId="" >
			<HelpDefault>Add the URL to the Story</HelpDefault>
		</Field>
		<Field Name="header" active="True" AdminOnly="False" Authorable="False" Caption="Header" DeveloperOnly="False" EditSortPriority="150" FieldType="Text" HTMLContent="False" IndexColumn="0" IndexSortDirection="" IndexSortOrder="0" IndexWidth="" RedirectID="" RedirectPath="" Required="False" TextBuffered="False" UniqueName="False" DefaultValue="" RSSTitle="False" RSSDescription="False" MemberSelectGroupID="0" EditTab="" Scramble="False" LookupList="" NotEditable="False" Password="False" ReadOnly="False" ManyToManyRulePrimaryField="" ManyToManyRuleSecondaryField="" IsModified="False" IsBaseField="False" LookupContent="" RedirectContent="" ManyToManyContent="" ManyToManyRuleContent="" editorAddonId="" ></Field>
		<Field Name="imageFilename" active="True" AdminOnly="False" Authorable="True" Caption="Image" DeveloperOnly="False" EditSortPriority="140" FieldType="Image" HTMLContent="False" IndexColumn="0" IndexSortDirection="" IndexSortOrder="0" IndexWidth="" RedirectID="" RedirectPath="" Required="False" TextBuffered="False" UniqueName="False" DefaultValue="" RSSTitle="False" RSSDescription="False" MemberSelectGroupID="0" EditTab="" Scramble="False" LookupList="" NotEditable="False" Password="False" ReadOnly="False" ManyToManyRulePrimaryField="" ManyToManyRuleSecondaryField="" IsModified="False" IsBaseField="False" LookupContent="" RedirectContent="" ManyToManyContent="" ManyToManyRuleContent="" editorAddonId="" >
			<HelpDefault>Include an Image</HelpDefault>
		</Field>
		<Field Name="storydate" active="True" AdminOnly="False" Authorable="True" Caption="Story Date" DeveloperOnly="False" EditSortPriority="160" FieldType="Date" HTMLContent="False" IndexColumn="0" IndexSortDirection="" IndexSortOrder="0" IndexWidth="" RedirectID="" RedirectPath="" Required="False" TextBuffered="False" UniqueName="False" DefaultValue="" RSSTitle="False" RSSDescription="False" MemberSelectGroupID="0" EditTab="" Scramble="False" LookupList="" NotEditable="False" Password="False" ReadOnly="False" ManyToManyRulePrimaryField="" ManyToManyRuleSecondaryField="" IsModified="False" IsBaseField="False" LookupContent="" RedirectContent="" ManyToManyContent="" ManyToManyRuleContent="" editorAddonId="" >
			<HelpDefault>Date of the story</HelpDefault>
		</Field>
		<Field Name="download" active="True" AdminOnly="False" Authorable="True" Caption="Story Download" DeveloperOnly="False" EditSortPriority="150" FieldType="File" HTMLContent="False" IndexColumn="0" IndexSortDirection="" IndexSortOrder="0" IndexWidth="" RedirectID="" RedirectPath="" Required="False" TextBuffered="False" UniqueName="False" DefaultValue="" RSSTitle="False" RSSDescription="False" MemberSelectGroupID="0" EditTab="" Scramble="False" LookupList="" NotEditable="False" Password="False" ReadOnly="False" ManyToManyRulePrimaryField="" ManyToManyRuleSecondaryField="" IsModified="False" IsBaseField="False" LookupContent="" RedirectContent="" ManyToManyContent="" ManyToManyRuleContent="" editorAddonId="" >
			<HelpDefault>Allows the user to download a pdf or other similar file</HelpDefault>
		</Field>
		<Field Name="story" active="True" AdminOnly="False" Authorable="True" Caption="Full Story" DeveloperOnly="False" EditSortPriority="170" FieldType="HTML" HTMLContent="False" IndexColumn="0" IndexSortDirection="" IndexSortOrder="0" IndexWidth="" RedirectID="" RedirectPath="" Required="False" TextBuffered="False" UniqueName="False" DefaultValue="" RSSTitle="False" RSSDescription="False" MemberSelectGroupID="0" EditTab="" Scramble="False" LookupList="" NotEditable="False" Password="False" ReadOnly="False" ManyToManyRulePrimaryField="" ManyToManyRuleSecondaryField="" IsModified="False" IsBaseField="False" LookupContent="" RedirectContent="" ManyToManyContent="" ManyToManyRuleContent="" editorAddonId="" >
			<HelpDefault>The full story article can be placed here</HelpDefault>
		</Field>
	</CDef>
	<Resource name="aonewsstories.dll" type="executable" path="" />
	<Resource name="cpbase.dll" type="executable" path="" />
</Collection>